window,term,coefficient,std_error,t_stat,p_value,formula,n_obs
CAR_-1_3,C(topic)[accounting_financial_reporting],0.0022473400990611087,0.004064300685471394,0.5529463179470574,0.5803001697059283,"Q(""CAR_-1_3"") ~ 0 + C(topic) + severity_score + pre_event_volatility",273
CAR_-1_3,C(topic)[business_structure],0.0010512744996648113,0.007656211130925842,0.13731001949755323,0.8907857510380732,"Q(""CAR_-1_3"") ~ 0 + C(topic) + severity_score + pre_event_volatility",273
CAR_-1_3,C(topic)[mda_liquidity],0.004056594886816328,0.006125425900953731,0.6622551561981534,0.5078077110476549,"Q(""CAR_-1_3"") ~ 0 + C(topic) + severity_score + pre_event_volatility",273
CAR_-1_3,C(topic)[revenue_non_gaap],0.011769619370547822,0.005961428083208994,1.9742952873487187,0.04834817645828512,"Q(""CAR_-1_3"") ~ 0 + C(topic) + severity_score + pre_event_volatility",273
CAR_-1_3,C(topic)[risk_legal_regulatory],0.007680427945030513,0.01851188478463827,0.41489173222404496,0.6782211625362484,"Q(""CAR_-1_3"") ~ 0 + C(topic) + severity_score + pre_event_volatility",273
CAR_-1_3,C(topic)[routine_other],0.001335332924102082,0.007159877409585397,0.18650220495596534,0.8520509498886457,"Q(""CAR_-1_3"") ~ 0 + C(topic) + severity_score + pre_event_volatility",273
CAR_-1_3,severity_score,3.435214131013559e-05,0.0009117601477642001,0.037676730436588195,0.9699454292422226,"Q(""CAR_-1_3"") ~ 0 + C(topic) + severity_score + pre_event_volatility",273
CAR_-1_3,pre_event_volatility,-0.08142316832647216,0.19976645322559564,-0.40759180038362713,0.6835733851609052,"Q(""CAR_-1_3"") ~ 0 + C(topic) + severity_score + pre_event_volatility",273
